sign,R,G,B
1,79,83,92
1,77,84,93
1,76,83,94
1,78,84,92
1,80,85,89
1,78,85,90
1,78,85,90
1,80,85,89
1,79,83,92
1,80,83,91
1,84,86,84
1,85,85,84
1,84,85,85
1,83,85,86
1,85,85,85
1,85,85,84
1,84,85,85
1,86,86,82
1,86,85,82
1,87,84,82
1,82,84,87
1,83,85,86
1,89,83,82
1,90,83,81
1,84,83,86
1,84,83,86
1,87,83,84
1,79,84,90
1,81,84,89
1,82,84,88
1,86,84,84
1,88,83,83
1,92,83,79
1,88,83,83
1,81,82,91
1,78,84,92
1,77,76,118
1,53,90,106
1,81,77,112
1,63,91,94
1,77,76,116
1,72,78,114
1,71,84,101
1,61,86,91
1,69,81,95
1,65,78,112
1,65,86,113
1,84,84,85
1,84,86,84
1,83,85,85
1,83,85,86
1,84,86,84
1,82,85,86
1,83,85,86
1,84,85,85
1,83,85,86
1,81,84,89
1,76,82,96
1,74,82,101
1,73,82,97
1,76,83,99
1,76,82,96
1,76,82,96
1,76,82,96
1,76,82,96
1,80,83,90
1,79,84,87
1,79,83,95
1,79,81,93
1,74,86,94
1,74,85,94
1,75,85,93
1,79,85,90
1,74,85,94
1,73,85,95
1,74,85,94
1,73,86,95
1,72,87,94
1,74,86,94
1,88,85,81
1,88,85,81
1,88,85,81
1,88,85,81
1,87,85,81
1,88,85,81
1,87,85,81
1,87,84,82
1,87,84,82
1,88,85,81
1,85,85,83
1,87,85,82
1,87,85,82
1,87,85,82
1,87,85,82
1,95,82,76
1,98,82,73
1,92,84,77
1,97,82,75
1,95,85,74
1,91,86,76
1,94,83,76
1,97,83,73
1,98,84,71
1,98,83,73
1,99,84,71
1,97,85,72
1,96,83,75
1,94,83,77
1,96,84,74
1,95,84,74
1,96,84,74
1,95,83,76
1,96,84,74
1,96,84,73
1,96,84,74
1,97,84,73
1,96,84,73
1,96,84,73
1,97,84,73
1,96,85,73
1,96,85,73
1,97,84,72
1,91,84,79
1,97,84,73
1,93,84,77
1,94,83,76
1,98,84,72
1,97,85,71
1,97,85,72
1,99,83,71
1,94,83,76
1,97,82,74
1,98,83,73
1,95,82,76
1,90,89,71
1,91,88,71
1,87,90,73
1,86,85,81
1,86,85,83
1,85,85,85
1,86,88,77
1,86,86,78
1,86,85,80
1,85,85,83
1,85,85,85
1,86,87,81
1,86,85,80
1,75,86,92
1,76,85,93
1,76,85,92
1,76,85,93
1,76,85,93
1,77,85,92
1,76,85,92
1,76,85,92
1,75,86,92
1,76,85,92
1,77,85,92
1,77,86,91
1,76,85,92
1,77,84,92
1,76,86,91
1,77,85,91
1,77,85,91
1,90,84,80
1,90,84,80
1,89,84,81
1,90,84,80
1,90,84,79
1,90,84,80
1,90,84,80
1,92,84,78
1,90,84,80
1,88,85,81
1,89,83,81
1,91,83,79
1,67,82,105
1,65,83,105
1,65,81,106
1,69,82,99
1,66,83,103
1,63,86,102
1,63,86,102
1,67,81,107
1,65,80,113
1,66,83,101
1,64,86,99
1,66,83,103
1,66,83,101
1,66,83,101
1,66,82,107
1,66,82,107
1,84,85,84
1,85,85,83
1,84,85,85
1,85,85,85
1,84,85,85
1,84,85,85
1,85,86,83
1,84,85,85
1,88,86,79
1,87,86,81
1,85,85,83
1,84,85,85
1,85,85,85
1,84,85,85
1,88,86,79
1,88,86,80
1,87,84,82
1,87,85,81
1,88,86,80
1,88,87,79
1,88,87,79
1,85,85,83
1,87,84,82
1,87,85,81
1,87,83,83
1,86,86,81
1,86,86,81
1,88,84,81
1,88,86,79
1,88,86,79
1,88,86,79
1,91,84,78
1,87,87,80
1,91,83,80
1,87,83,83
1,85,84,85
1,85,84,85
1,89,86,79
1,90,84,80
1,92,82,80
1,91,84,79
1,92,84,77
1,92,84,77
1,91,81,81
1,89,81,83
1,92,82,80
1,92,83,79
1,91,82,80
1,91,82,80
1,91,82,80
1,91,81,81
2,136,118,0
2,133,121,0
2,119,117,17
2,114,100,40
2,134,117,2
2,136,117,1
2,133,118,3
2,130,119,4
2,136,114,3
2,141,113,0
2,130,104,19
2,117,118,19
2,119,119,15
2,117,118,19
2,115,116,22
2,117,118,19
2,127,127,0
2,125,126,3
2,92,92,70
2,100,95,58
2,99,94,61
2,99,93,62
2,97,93,63
2,95,92,66
2,96,91,67
2,92,90,72
2,97,89,68
2,97,89,67
2,98,90,66
2,96,90,67
2,95,92,67
2,98,88,67
2,96,94,64
2,95,88,71
2,96,91,66
2,98,89,67
2,97,88,69
2,96,92,66
2,93,89,72
2,96,87,70
2,96,87,71
2,95,90,69
2,95,86,73
2,96,90,68
2,97,90,67
2,103,98,52
2,94,93,66
2,99,93,61
2,104,92,58
2,103,94,57
2,103,100,51
2,96,96,62
2,102,95,57
2,103,96,55
2,95,92,67
2,102,97,55
2,109,99,46
2,105,96,52
2,134,117,2
2,111,96,46
2,132,113,9
2,136,116,2
2,136,118,0
2,136,118,0
2,137,115,2
2,135,116,2
2,135,115,3
2,136,116,2
2,138,111,5
2,136,114,3
2,138,115,1
2,136,116,2
2,134,112,7
2,137,117,0
2,137,117,0
2,114,105,30
2,134,115,13
2,128,112,16
2,138,117,10
2,130,116,9
2,133,112,7
2,133,115,3
2,131,116,1
2,132,120,0
2,128,110,0
2,133,111,2
2,135,112,16
2,130,108,6
2,107,93,54
2,115,102,37
2,104,101,48
2,107,100,47
2,131,108,14
2,119,109,26
2,132,117,5
2,134,118,1
2,118,109,26
2,130,112,12
2,127,117,10
2,113,96,44
2,114,99,40
2,107,96,51
2,109,93,51
2,118,100,26
2,120,102,28
2,119,104,23
2,127,107,20
2,128,108,35
2,130,112,14
2,127,106,15
2,125,108,28
2,120,102,18
2,116,107,32
2,126,107,13
2,123,101,44
2,127,117,0
2,123,106,14
2,131,105,18
2,135,109,35
2,117,104,32
2,121,105,27
2,116,101,36
2,117,97,40
2,109,99,46
2,115,102,37
2,120,103,30
2,125,103,26
2,117,100,37
2,121,101,31
2,109,100,44
2,117,97,39
2,109,101,43
2,111,100,42
2,118,100,35
2,115,100,39
2,119,101,34
2,101,93,57
2,118,105,37
2,110,100,39
2,119,96,52
2,111,99,51
2,119,95,31
2,115,100,43
2,127,99,34
2,124,101,34
2,132,119,0
2,129,105,15
2,124,107,27
2,119,104,11
2,129,105,15
2,122,104,42
2,117,104,33
2,114,102,37
2,118,103,33
2,117,104,32
2,119,104,30
2,118,103,32
2,111,101,41
2,114,102,37
2,115,102,37
2,115,102,37
2,116,102,36
2,113,101,39
2,91,86,77
2,92,88,74
2,91,86,77
2,93,91,70
2,90,86,77
2,90,88,75
2,90,89,75
2,91,88,75
2,90,90,73
2,92,89,72
2,90,87,76
2,92,89,73
2,92,91,71
2,91,89,73
2,123,109,22
2,124,117,12
2,135,118,1
2,133,121,0
2,132,118,4
2,126,113,14
2,133,120,1
2,124,112,17
2,126,112,16
2,130,120,3
2,127,118,8
2,129,120,4
2,126,116,11
2,127,113,13
2,137,117,0
2,137,116,0
2,139,115,0
2,140,114,0
2,143,111,0
2,143,109,1
2,142,112,0
2,141,109,4
2,137,117,0
2,138,116,0
2,138,116,0
2,138,116,0
2,139,115,0
2,141,113,0
2,135,109,9
2,140,114,0
2,139,112,3
2,140,114,0
2,138,110,5
2,126,111,17
2,138,113,3
2,140,114,0
2,137,113,4
2,125,106,23
2,116,107,31
2,115,105,34
2,115,106,32
2,119,113,21
2,114,106,34
2,118,110,26
2,116,102,35
2,116,103,34
2,114,106,33
2,130,113,10
2,135,111,8
2,134,112,7
2,136,114,4
2,135,119,0
2,138,112,3
2,138,114,2
2,140,113,1
2,139,114,0
2,140,114,0
2,136,116,1
2,136,110,8
2,139,114,1
2,139,113,2
2,129,109,15
2,138,113,3
2,137,117,0
2,131,111,12
2,138,116,0
2,138,116,0
2,137,117,0
2,138,113,2
2,137,116,1
2,122,112,19
2,118,110,26
2,123,115,15
2,111,100,43
2,110,107,36
2,121,110,23
2,117,115,22
2,121,113,19
2,123,111,19
2,113,106,34
2,122,112,19
2,116,108,29
2,121,111,21
3,69,82,103
3,68,82,103
3,71,83,99
3,70,84,99
3,70,84,100
3,68,83,103
3,66,82,105
3,67,84,103
3,65,83,105
3,69,82,103
3,66,82,105
3,56,82,115
3,50,77,124
3,54,83,117
3,59,82,113
3,67,82,103
3,52,79,126
3,45,85,120
3,41,84,137
3,51,81,119
3,59,80,109
3,60,77,120
3,58,81,125
3,57,81,117
3,59,79,114
3,64,79,120
3,65,78,120
3,62,76,121
3,61,79,117
3,58,80,121
3,72,84,96
3,57,81,119
3,64,78,123
3,64,78,123
3,67,82,111
3,0,66,188
3,5,69,179
3,0,66,188
3,0,69,185
3,8,63,182
3,2,69,183
3,27,73,154
3,33,72,149
3,22,66,165
3,36,78,140
3,22,72,160
3,0,63,191
3,0,66,188
3,3,62,189
3,30,73,151
3,6,69,178
3,0,67,187
3,12,84,157
3,34,82,137
3,24,82,147
3,13,86,154
3,0,90,164
3,0,89,165
3,1,88,164
3,13,84,157
3,13,85,156
3,4,91,159
3,6,87,160
3,8,90,155
3,1,86,166
3,3,90,160
3,0,84,170
3,0,83,171
3,0,90,164
3,5,90,159
3,5,90,159
3,5,86,162
3,9,86,158
3,2,90,161
3,16,88,150
3,70,80,103
3,72,81,101
3,69,83,102
3,68,82,104
3,69,79,106
3,70,80,104
3,70,81,103
3,68,79,107
3,69,79,105
3,63,81,110
3,64,80,109
3,68,80,106
3,70,80,103
3,69,79,105
3,72,80,102
3,72,80,102
3,72,80,102
3,70,79,104
3,11,80,162
3,8,76,169
3,4,73,176
3,0,78,176
3,2,81,171
3,16,74,163
3,25,81,147
3,12,67,174
3,0,77,177
3,0,81,173
3,2,70,181
3,56,80,117
3,5,72,176
3,14,76,164
3,32,85,136
3,33,83,137
3,35,83,136
3,36,82,135
3,30,84,139
3,31,83,139
3,30,84,139
3,33,83,138
3,33,82,138
3,30,84,139
3,30,85,139
3,27,85,142
3,29,84,141
3,26,84,144
3,28,85,140
3,39,83,132
3,18,67,162
3,31,65,173
3,26,62,176
3,6,76,171
3,12,72,168
3,34,70,144
3,22,71,163
3,12,73,166
3,38,67,143
3,20,75,158
3,22,70,168
3,18,81,148
3,17,70,162
3,16,73,160
3,21,70,165
3,54,78,121
3,45,78,130
3,42,77,134
3,42,77,134
3,65,78,110
3,70,79,104
3,70,79,104
3,66,78,109
3,69,80,105
3,69,80,105
3,68,78,107
3,64,83,107
3,47,79,128
3,50,77,144
3,45,78,131
3,53,84,113
3,53,84,113
3,49,81,120
3,53,77,125
3,51,77,126
3,56,78,119
3,59,79,116
3,59,79,116
3,59,79,116
3,54,78,124
3,53,76,118
3,71,82,100
3,70,82,104
3,69,81,107
3,77,79,100
3,80,79,95
3,72,83,103
3,66,82,105
3,66,82,105
3,67,79,103
3,71,83,107
3,20,70,167
3,9,73,161
3,8,69,175
3,35,70,160
3,15,71,182
3,2,81,148
3,0,78,178
3,15,71,158
3,10,79,157
3,22,72,161
3,1,83,169
3,9,82,159
3,0,88,174
3,4,89,153
3,0,90,180
3,34,92,129
3,20,89,148
3,11,89,151
3,21,90,145
3,29,91,148
3,20,89,148
3,17,97,146
3,19,90,146
3,44,82,129
3,24,86,147
3,43,88,121
3,44,82,129
3,17,97,146
3,21,75,145
3,19,76,157
3,27,85,148
3,21,78,157
3,26,83,150
3,23,77,151
3,22,78,152
3,31,77,139
3,20,80,152
3,16,83,154
3,31,79,145
3,29,78,144
3,20,85,153
3,33,78,146
3,24,82,145
3,59,85,122
3,56,82,119
3,47,85,130
3,44,87,130
3,44,79,135
3,46,84,133
3,66,74,123
3,53,77,115
3,44,80,130
3,48,80,118
3,60,79,109
3,67,82,105
3,69,80,98
3,22,77,159
3,0,92,169
3,0,92,169
3,23,73,162
3,13,87,152
3,53,73,126
3,33,81,153
3,38,75,155
3,33,81,153
3,36,73,153
3,25,84,144
3,31,79,151
3,29,80,169
3,23,69,163
3,27,68,156
3,22,74,157
3,20,72,148
3,21,72,163
3,6,80,153
3,10,80,149
3,10,73,179
3,0,65,197
3,10,72,171
3,1,73,173
3,5,71,181
3,5,73,172
3,7,72,172
3,16,62,173
3,12,72,168
3,10,74,174
3,5,75,170
3,11,68,183
4,55,107,95
4,52,109,94
4,49,114,92
4,49,114,92
4,46,114,89
4,36,116,81
4,36,116,81
4,56,110,86
4,69,103,86
4,75,98,88
4,66,97,92
4,69,99,91
4,56,108,95
4,56,108,95
4,51,95,108
4,47,103,104
4,46,107,102
4,45,107,102
4,47,103,104
4,46,105,101
4,40,110,102
4,56,96,106
4,41,105,107
4,36,113,107
4,41,112,104
4,48,103,98
4,43,110,101
4,29,117,103
4,81,104,68
4,80,102,71
4,77,106,70
4,75,108,70
4,76,108,70
4,77,106,71
4,76,106,71
4,79,102,73
4,76,106,72
4,77,107,69
4,78,113,63
4,73,109,72
4,76,111,66
4,71,113,69
4,75,109,70
4,42,124,87
4,56,112,86
4,43,125,86
4,43,125,86
4,54,116,84
4,49,122,83
4,42,129,83
4,53,118,83
4,48,122,84
4,51,117,86
4,41,126,86
4,58,104,93
4,52,112,87
4,50,108,86
4,61,104,85
4,53,111,97
4,51,112,96
4,47,115,92
4,48,111,90
4,52,108,95
4,41,114,94
4,59,105,92
4,64,109,89
4,41,113,91
4,43,113,89
4,56,113,85
4,53,118,83
4,55,117,82
4,60,112,82
4,55,118,81
4,46,123,85
4,39,128,86
4,38,124,91
4,43,123,88
4,51,115,88
4,50,119,85
4,35,124,94
4,51,120,83
4,69,100,85
4,67,101,85
4,65,103,86
4,69,100,84
4,69,100,85
4,63,104,86
4,63,105,85
4,62,106,85
4,74,100,79
4,69,102,83
4,66,104,83
4,66,103,84
4,62,105,86
4,62,106,86
4,62,107,85
4,65,105,83
4,65,103,85
4,75,97,82
4,72,100,82
4,54,100,98
4,51,103,101
4,49,104,99
4,56,101,98
4,48,102,104
4,49,104,101
4,60,92,107
4,67,86,103
4,51,103,101
4,48,104,101
4,66,100,88
4,68,99,86
4,67,100,87
4,71,97,86
4,69,98,86
4,72,96,86
4,67,100,87
4,70,97,86
4,69,99,86
4,79,91,84
4,70,96,87
4,70,98,86
4,90,119,45
4,74,111,69
4,76,106,72
4,81,109,63
4,80,108,66
4,85,109,60
4,91,109,54
4,90,106,58
4,83,109,61
4,85,109,60
4,85,104,64
4,85,109,60
4,72,98,83
4,65,102,86
4,65,104,85
4,65,104,85
4,67,104,83
4,70,101,83
4,70,101,83
4,69,102,83
4,68,104,81
4,67,103,84
4,68,102,83
4,73,97,84
4,68,102,84
4,65,94,92
4,63,94,96
4,74,87,93
4,63,94,96
4,68,92,96
4,71,90,96
4,67,94,89
4,65,94,92
4,68,93,97
4,63,94,96
4,61,95,96
4,61,95,94
4,61,95,94
4,65,93,94
4,77,107,70
4,77,112,65
4,74,111,68
4,70,113,70
4,73,111,70
4,75,110,69
4,71,113,69
4,72,112,70
4,72,117,65
4,81,110,63
4,78,114,61
4,81,102,70
4,79,103,72
4,78,101,74
4,79,92,82
4,79,92,82
4,80,93,80
4,79,93,82
4,79,92,83
4,81,91,83
4,81,90,83
4,85,85,84
4,78,93,83
4,79,94,80
4,79,94,80
4,81,96,76
4,78,96,79
4,76,97,81
4,79,90,84
4,73,96,88
4,72,98,87
4,75,99,86
4,71,98,89
4,73,97,81
4,74,94,85
4,76,90,90
4,79,95,84
4,68,98,86
4,67,99,84
4,74,98,84
4,75,97,84
4,77,95,83
4,71,92,83
4,73,93,84
4,70,97,82
4,64,92,103
4,62,92,100
4,62,91,97
4,58,99,95
4,63,91,105
4,61,96,100
4,60,96,96
4,58,99,91
4,58,100,99
4,56,95,100
4,55,96,100
4,53,99,99
4,51,99,99
4,51,101,100
4,50,102,98
4,54,100,97
4,55,100,97
4,65,95,95
4,63,97,98
4,60,100,99
4,59,98,97
4,61,95,96
4,52,94,108
4,51,95,106
4,48,98,107
4,31,106,112
4,30,107,113
4,49,99,108
4,47,99,110
4,35,106,110
4,42,100,114
4,39,101,114
4,32,105,114
4,36,106,116
4,33,108,111
4,43,104,107
4,41,101,109
4,42,98,111
4,42,95,111
4,72,100,81
4,72,100,81
4,64,104,86
4,60,105,88
4,60,105,90
4,58,104,91
4,64,104,86
4,60,105,88
4,63,105,86
4,66,101,87
4,69,103,82
4,66,102,85
4,64,106,84
4,64,105,85
4,62,104,88
4,63,104,86
4,63,104,86
4,61,107,86
4,63,105,85
4,64,104,85
4,71,100,83
4,71,100,83
5,108,69,76
5,109,68,76
5,110,69,75
5,111,69,73
5,113,69,72
5,113,69,72
5,108,70,75
5,104,71,78
5,105,72,77
5,108,70,76
5,108,69,76
5,107,69,78
5,105,71,77
5,105,71,77
5,104,72,78
5,156,45,52
5,151,46,43
5,155,47,45
5,166,39,48
5,171,34,54
5,162,37,55
5,143,50,61
5,167,35,49
5,174,35,56
5,165,41,52
5,159,43,54
5,150,47,66
5,147,48,66
5,183,25,60
5,179,30,50
5,115,64,71
5,115,64,71
5,121,61,71
5,127,59,74
5,126,58,69
5,127,59,74
5,121,60,68
5,124,59,67
5,125,60,66
5,129,58,64
5,129,55,68
5,134,54,63
5,137,54,64
5,131,56,63
5,122,60,71
5,116,62,75
5,118,62,75
5,121,59,72
5,137,55,61
5,111,77,66
5,128,64,61
5,117,74,63
5,122,69,62
5,133,60,60
5,135,59,60
5,126,64,64
5,111,76,66
5,116,69,69
5,125,66,62
5,119,72,63
5,117,73,64
5,118,72,64
5,117,77,59
5,134,46,73
5,138,41,74
5,133,49,71
5,158,30,65
5,150,36,68
5,136,44,73
5,150,36,68
5,145,40,68
5,145,39,70
5,138,41,74
5,136,44,73
5,135,49,70
5,131,44,78
5,135,47,72
5,137,45,71
5,136,41,77
5,135,47,72
5,115,65,77
5,117,63,77
5,113,65,77
5,118,61,76
5,114,66,78
5,113,67,77
5,106,69,76
5,109,67,77
5,112,66,77
5,113,65,79
5,111,65,76
5,109,67,77
5,112,64,76
5,122,59,76
5,118,64,71
5,126,59,68
5,122,63,69
5,121,63,70
5,121,63,70
5,120,64,70
5,123,60,70
5,129,57,68
5,129,58,67
5,118,65,71
5,121,63,70
5,121,61,71
5,135,55,63
5,126,67,60
5,133,57,63
5,119,67,68
5,119,67,68
5,129,59,66
5,134,57,63
5,122,66,65
5,115,67,71
5,103,76,74
5,119,68,67
5,125,60,69
5,94,78,82
5,96,77,81
5,98,76,80
5,100,75,79
5,102,73,78
5,96,75,82
5,100,77,77
5,100,76,77
5,101,75,78
5,102,74,78
5,101,74,79
5,96,78,80
5,98,76,80
5,101,74,78
5,105,73,76
5,144,45,63
5,149,49,61
5,139,52,61
5,143,54,58
5,157,43,51
5,146,49,60
5,144,49,53
5,142,50,53
5,139,49,58
5,156,46,55
5,156,46,55
5,153,48,55
5,132,57,61
5,148,46,59
5,132,58,55
5,154,43,60
5,155,45,56
5,156,44,56
5,151,48,52
5,156,47,53
5,143,51,56
5,152,46,56
5,138,52,53
5,145,50,58
5,91,79,84
5,90,80,84
5,91,79,84
5,91,78,84
5,90,79,84
5,90,78,85
5,90,79,84
5,90,80,84
5,90,79,85
5,91,78,85
5,90,78,85
5,89,80,84
5,90,79,85
5,89,80,85
5,89,79,85
5,88,81,84
5,131,49,73
5,151,33,69
5,158,28,67
5,142,41,70
5,137,45,72
5,141,39,73
5,136,45,73
5,143,41,69
5,152,34,67
5,141,42,71
5,142,41,70
5,136,47,71
5,136,46,72
5,130,44,79
5,144,39,70
5,151,41,61
5,152,36,66
5,156,34,64
5,153,34,67
5,149,39,65
5,149,35,69
5,156,33,65
5,149,35,69
5,137,47,69
5,135,48,70
5,140,45,69
5,134,49,71
5,119,55,80
5,134,48,71
5,124,56,73
5,128,53,72
5,131,51,71
5,135,49,70
5,132,51,71
5,116,59,78
5,127,54,73
5,124,57,73
5,133,49,71
5,163,32,50
5,215,3,41
5,205,8,38
5,214,3,46
5,213,8,47
5,188,15,43
5,185,21,56
5,209,5,40
5,192,18,41
5,239,0,33
5,213,6,32
5,207,8,39
5,215,0,48
5,232,0,29
5,171,30,49
5,109,66,75
5,109,66,76
5,120,59,75
5,113,67,77
5,117,65,77
5,117,64,74
5,112,61,80
5,127,52,72
5,127,52,72
5,120,59,77
5,132,54,78
5,128,53,76
5,136,52,78
5,125,56,77
5,182,22,56
5,194,11,41
5,197,9,42
5,208,2,41
5,213,3,42
5,202,9,40
5,202,9,40
5,202,8,42
5,202,8,45
5,202,8,45
5,180,24,38
5,236,0,39
5,200,10,46
5,213,7,43
5,207,7,46
5,206,7,38
5,204,6,42
5,194,13,46
5,197,0,61
5,199,11,46
5,189,14,45
5,207,6,42
5,177,37,39
5,188,29,36
5,147,53,53
5,190,30,34
5,188,29,36
5,192,30,31
5,195,28,31
5,187,32,34
5,194,29,31
5,198,27,29
5,189,30,34
5,188,26,39
5,196,27,30
5,171,39,44
5,173,34,47
5,172,34,47
5,189,34,31
5,195,25,33
5,196,30,28
5,199,27,27
5,197,28,29
5,155,43,67
5,103,74,79
5,128,54,67
5,128,54,67
5,132,49,67
5,148,43,74
5,131,49,71
5,147,44,73
5,150,43,71
5,138,50,74
5,127,55,67
5,125,54,68
5,135,46,64
5,135,51,66
5,137,50,66
5,147,53,71
5,130,52,65
5,131,53,67
5,140,52,66
5,145,45,69
5,143,52,70
5,137,54,72
6,164,70,16
6,152,67,38
6,166,69,34
6,169,69,10
6,145,69,35
6,157,77,4
6,157,77,4
6,165,71,17
6,165,71,17
6,159,64,32
6,153,70,28
6,160,65,37
6,160,65,37
6,140,79,25
6,164,69,23
6,170,64,25
6,141,83,33
6,163,73,11
6,135,73,60
6,156,77,21
6,99,80,74
6,98,81,75
6,98,81,74
6,98,81,74
6,97,80,77
6,95,80,78
6,101,80,73
6,98,81,75
6,98,80,76
6,100,81,73
6,97,82,74
6,98,81,74
6,99,81,74
6,92,81,81
6,96,81,76
6,98,80,76
6,96,80,77
6,97,81,75
6,137,75,42
6,138,73,43
6,138,73,42
6,136,73,45
6,139,73,42
6,137,73,44
6,140,72,42
6,106,75,72
6,139,72,42
6,139,72,42
6,140,73,41
6,141,72,41
6,134,72,47
6,116,74,64
6,100,75,78
6,106,75,73
6,105,75,74
6,106,73,74
6,102,73,78
6,95,76,82
6,94,76,84
6,91,72,91
6,95,73,86
6,98,72,83
6,101,72,80
6,105,72,77
6,106,72,76
6,98,74,82
6,98,74,82
6,150,72,33
6,148,71,43
6,150,71,41
6,150,72,33
6,150,72,33
6,149,72,30
6,149,72,30
6,149,72,30
6,147,72,33
6,147,72,33
6,145,72,29
6,145,66,49
6,149,70,40
6,146,73,30
6,146,67,50
6,149,70,40
6,147,72,33
6,144,71,36
6,150,72,33
6,115,73,59
6,122,75,57
6,129,72,63
6,129,72,63
6,114,75,70
6,129,71,51
6,130,72,52
6,127,71,54
6,124,72,58
6,127,69,58
6,117,74,65
6,128,70,59
6,122,72,65
6,127,72,52
6,131,70,52
6,130,67,50
6,128,74,48
6,123,73,64
6,129,71,51
6,118,74,63
6,116,71,65
6,116,85,53
6,116,85,53
6,139,98,16
6,140,96,18
6,140,100,14
6,140,100,14
6,138,93,22
6,116,91,47
6,108,85,60
6,135,92,27
6,147,94,12
6,136,93,25
6,139,94,20
6,132,99,22
6,108,79,63
6,112,81,61
6,111,78,59
6,120,79,57
6,114,77,59
6,116,82,54
6,137,74,39
6,137,71,49
6,138,72,50
6,134,73,52
6,123,79,54
6,121,79,54
6,115,78,59
6,117,83,56
6,111,80,60
6,121,85,48
6,111,84,58
6,121,86,47
6,122,86,46
6,120,86,48
6,122,86,46
6,122,87,45
6,119,83,51
6,119,84,50
6,120,83,51
6,120,84,49
6,119,84,50
6,118,82,54
6,117,81,55
6,115,81,57
6,125,75,54
6,121,77,56
6,125,73,55
6,127,75,52
6,126,74,53
6,128,75,51
6,124,74,55
6,122,74,58
6,125,76,53
6,108,77,68
6,125,76,53
6,126,76,52
6,129,75,49
6,125,75,54
6,130,75,48
6,130,76,48
6,130,75,48
6,120,75,59
6,130,75,48
6,131,74,49
6,127,76,50
6,129,75,49
6,130,74,49
6,127,74,52
6,128,75,51
6,127,76,50
6,123,73,57
6,128,72,53
6,131,73,49
6,129,74,51
6,126,74,53
6,124,74,55
6,119,75,59
6,127,75,51
6,128,74,51
6,133,72,48
6,111,82,61
6,111,82,61
6,104,81,68
6,112,81,61
6,108,81,65
6,111,82,61
6,110,81,62
6,105,81,67
6,108,81,65
6,109,81,64
6,110,82,62
6,112,81,61
6,112,81,61
6,115,76,62
6,114,77,63
6,113,75,65
6,112,76,66
6,115,75,64
6,115,75,63
6,117,74,62
6,115,75,64
6,105,79,69
6,112,77,65
6,111,78,65
6,113,77,64
6,103,78,72
6,144,71,38
6,148,67,39
6,142,69,43
6,142,69,43
6,142,68,44
6,136,70,47
6,144,67,43
6,144,68,42
6,131,71,52
6,131,71,51
6,143,69,41
6,145,70,39
6,147,69,38
6,145,69,39
6,138,68,47
6,130,71,52
6,130,67,56
6,136,74,44
6,142,74,37
6,146,74,33
6,145,74,35
6,145,72,36
6,142,70,41
6,138,67,48
6,146,73,34
6,148,71,34
6,146,72,36
6,142,72,40
6,145,71,38
6,140,72,41
6,147,72,35
6,145,73,36
6,144,74,36
6,132,76,45
6,137,77,40
6,136,76,42
6,135,78,40
6,134,76,44
6,130,76,47
6,134,77,42
6,135,77,41
6,136,77,40
6,135,76,43
6,125,76,52
6,127,76,50
6,131,76,47
6,131,77,46
6,132,77,45
6,130,77,46
6,126,77,51
6,123,78,52
6,132,75,46
6,130,74,50
6,131,74,49
6,132,73,48
6,131,73,50
6,130,73,50
6,132,74,47
6,129,75,49
6,131,74,48
6,147,74,32
6,152,74,28
6,123,75,55
6,129,74,50
6,159,66,28
6,152,70,32
6,152,69,32
6,153,69,31
6,155,70,29
6,136,75,44
6,151,69,34
6,150,66,37
6,138,72,43
6,148,70,35
6,154,69,30
6,154,69,32
6,147,71,36
6,148,71,34
7,80,84,90
7,81,83,89
7,79,85,90
7,79,85,90
7,78,85,91
7,79,84,90
7,81,82,91
7,81,83,89
7,82,82,89
7,82,83,89
7,82,82,89
7,81,83,89
7,82,83,89
7,81,83,90
7,81,82,90
7,83,83,88
7,82,83,88
7,108,75,71
7,105,75,74
7,113,72,69
7,106,74,73
7,113,73,67
7,111,74,68
7,118,71,64
7,117,73,64
7,114,72,67
7,116,69,69
7,115,70,68
7,112,74,68
7,112,69,76
7,119,66,72
7,113,65,79
7,103,69,85
7,109,66,83
7,115,71,68
7,114,68,68
7,110,69,73
7,96,76,78
7,107,72,76
7,116,64,77
7,116,67,71
7,116,70,72
7,112,70,72
7,114,67,75
7,98,83,72
7,101,80,72
7,99,81,73
7,99,82,73
7,96,83,74
7,99,82,72
7,100,81,72
7,96,83,75
7,96,83,75
7,97,82,75
7,96,82,75
7,96,84,74
7,95,82,77
7,96,83,74
7,96,83,75
7,99,77,79
7,99,79,80
7,97,79,79
7,95,79,79
7,97,79,79
7,95,79,79
7,99,78,75
7,100,79,76
7,100,79,76
7,97,77,78
7,93,79,78
7,97,79,79
7,98,77,74
7,96,78,76
7,101,77,75
7,99,78,77
7,97,79,79
7,94,81,73
7,99,78,77
7,97,79,77
7,97,78,80
7,97,79,78
7,89,81,84
7,91,81,82
7,89,78,86
7,89,79,86
7,87,81,85
7,88,78,87
7,86,80,88
7,89,80,85
7,88,82,83
7,96,80,77
7,95,80,79
7,96,79,79
7,95,81,78
7,95,79,79
7,90,80,84
7,93,79,82
7,87,81,85
7,84,80,95
7,84,79,99
7,85,82,93
7,84,83,91
7,83,82,90
7,85,82,91
7,84,80,97
7,86,81,88
7,85,80,86
7,83,82,90
7,83,81,92
7,82,82,92
7,83,81,92
7,80,82,94
7,121,76,57
7,121,75,57
7,119,75,60
7,118,74,62
7,116,75,62
7,114,74,65
7,115,75,63
7,116,75,63
7,116,75,62
7,116,77,61
7,110,77,67
7,112,77,65
7,119,76,58
7,120,74,59
7,121,75,58
7,118,74,62
7,117,76,60
7,115,75,64
7,96,81,76
7,110,78,65
7,113,77,64
7,119,74,60
7,116,75,63
7,117,76,60
7,104,75,74
7,106,76,72
7,105,75,73
7,104,75,74
7,104,75,75
7,96,79,78
7,103,77,74
7,101,77,75
7,103,76,75
7,104,76,73
7,104,75,75
7,107,75,71
7,106,77,70
7,107,74,72
7,106,76,71
7,107,74,72
7,105,76,72
7,106,75,73
7,99,77,78
7,119,75,60
7,115,75,64
7,115,76,63
7,119,75,59
7,119,75,60
7,121,73,60
7,121,74,58
7,127,71,55
7,127,73,53
7,122,75,57
7,109,78,66
7,118,75,60
7,121,73,59
7,123,74,57
7,121,74,59
7,122,74,58
7,90,79,83
7,90,77,86
7,90,79,85
7,90,79,83
7,89,79,87
7,90,79,87
7,89,80,83
7,87,81,85
7,91,78,87
7,96,77,79
7,93,78,83
7,93,78,81
7,91,78,85
7,93,78,81
7,90,79,85
7,78,83,92
7,78,85,91
7,78,83,92
7,79,84,91
7,78,85,91
7,79,85,89
7,81,83,90
7,81,83,90
7,79,84,91
7,78,84,92
7,79,83,92
7,80,84,90
7,78,85,91
7,78,85,91
7,79,85,90
7,79,85,90
7,78,83,92
7,115,82,56
7,111,80,63
7,108,83,62
7,112,84,57
7,116,83,55
7,116,80,58
7,113,82,58
7,111,82,61
7,117,79,58
7,116,79,58
7,110,85,58
7,106,83,64
7,121,78,55
7,113,79,61
7,110,79,64
7,117,80,56
7,120,79,55
7,121,77,55
7,120,77,56
7,110,80,63
7,118,79,56
7,129,76,49
7,126,76,51
7,126,76,51
7,112,81,61
7,108,81,65
7,113,81,60
7,111,80,62
7,114,81,59
7,114,80,60
7,115,80,59
7,88,79,84
7,88,78,86
7,87,79,90
7,82,79,88
7,83,82,87
7,85,80,87
7,87,82,89
7,83,80,89
7,87,80,87
7,87,80,87
7,87,80,87
7,87,80,87
7,87,81,85
7,87,80,87
7,83,84,87
7,87,78,89
7,83,81,89
7,90,76,87
7,83,78,92
7,87,77,89
7,92,71,90
7,86,79,89
7,88,77,89
7,83,82,89
7,91,74,88
7,90,76,87
7,90,76,87
7,90,75,88
7,90,76,87
7,92,73,89
7,86,84,84
7,89,82,82
7,90,82,82
7,90,83,80
7,90,83,80
7,90,83,80
7,88,82,83
7,88,84,83
7,87,84,83
7,87,84,83
7,118,69,72
7,121,72,58
7,122,69,63
7,114,75,58
7,117,75,63
7,119,72,62
7,125,68,61
7,120,72,62
7,126,69,60
7,117,73,64
7,122,66,65
7,118,70,56
7,116,71,66
7,116,71,66
7,126,69,60
8,93,65,95
8,93,65,95
8,93,65,95
8,94,68,92
8,96,66,91
8,97,66,91
8,95,68,91
8,92,71,91
8,92,67,94
8,92,67,94
8,97,63,93
8,98,64,92
8,100,61,92
8,120,49,83
8,128,46,82
8,113,57,86
8,121,55,82
8,133,49,82
8,128,44,93
8,106,56,85
8,109,56,86
8,119,54,86
8,115,53,78
8,102,63,82
8,121,50,84
8,124,50,75
8,126,52,77
8,111,59,84
8,112,59,82
8,118,61,74
8,112,64,78
8,113,63,78
8,116,62,76
8,112,64,78
8,114,61,79
8,114,62,78
8,113,64,76
8,114,60,80
8,114,59,80
8,114,61,79
8,115,63,76
8,108,69,77
8,79,65,110
8,81,64,109
8,84,63,107
8,85,64,105
8,84,65,104
8,86,65,103
8,80,69,105
8,77,66,110
8,75,67,112
8,79,65,109
8,80,65,108
8,80,66,108
8,80,66,108
8,80,66,107
8,81,67,105
8,111,69,74
8,111,69,74
8,116,68,69
8,116,66,71
8,113,66,75
8,115,65,73
8,116,63,75
8,116,62,75
8,114,69,70
8,116,66,71
8,117,68,69
8,118,67,68
8,115,69,69
8,112,72,70
8,117,74,62
8,105,59,89
8,105,59,89
8,103,63,88
8,108,56,90
8,112,54,87
8,109,57,87
8,114,56,84
8,113,58,83
8,112,60,82
8,106,62,86
8,111,56,86
8,115,55,84
8,110,55,88
8,106,57,90
8,106,57,91
8,104,67,82
8,110,66,78
8,112,62,79
8,111,63,79
8,113,62,79
8,111,62,80
8,113,63,77
8,117,63,74
8,112,67,75
8,116,65,72
8,116,63,75
8,115,64,74
8,118,63,73
8,113,71,69
8,114,72,67
8,104,64,86
8,104,64,86
8,104,64,86
8,104,65,85
8,103,65,85
8,103,65,85
8,103,65,85
8,103,66,84
8,102,64,87
8,104,61,88
8,104,64,86
8,104,62,88
8,103,64,86
8,103,65,86
8,100,66,87
8,101,63,89
8,102,62,90
8,97,70,86
8,97,70,86
8,98,67,88
8,99,66,89
8,99,66,88
8,98,68,88
8,99,68,87
8,100,66,88
8,99,67,87
8,101,66,87
8,100,67,86
8,99,63,91
8,99,63,91
8,96,65,92
8,98,64,91
8,97,68,89
8,97,65,91
8,98,63,93
8,96,66,92
8,98,63,93
8,96,65,93
8,96,68,89
8,87,80,87
8,87,80,87
8,87,80,87
8,87,82,88
8,84,83,88
8,84,83,88
8,85,83,88
8,87,82,88
8,87,80,87
8,88,81,88
8,86,81,87
8,85,83,88
8,85,83,88
8,85,80,86
8,110,68,76
8,108,67,78
8,109,68,77
8,107,69,77
8,108,64,81
8,107,69,77
8,109,69,76
8,104,70,79
8,105,68,81
8,106,63,85
8,109,67,78
8,108,68,78
8,110,66,78
8,109,71,74
8,110,68,75
8,106,69,79
8,109,69,76
8,108,69,77
8,106,67,80
8,103,66,84
8,107,65,81
8,112,62,79
8,114,61,79
8,112,61,81
8,112,59,82
8,112,62,79
8,105,67,82
8,111,69,74
8,114,67,72
8,107,57,90
8,107,55,91
8,111,57,85
8,109,56,88
8,109,56,88
8,112,66,76
8,112,64,77
8,114,64,75
8,111,61,82
8,116,74,63
8,121,74,58
8,112,72,69
8,110,68,75
8,109,71,74
8,114,72,68
8,117,74,63
8,109,70,74
8,112,66,76
8,107,70,76
8,110,67,76
8,110,67,76
8,111,67,75
8,111,68,75
8,113,68,73
8,111,65,78
8,111,66,76
8,112,66,76
8,109,68,76
8,110,67,77
8,110,65,78
8,111,63,79
8,111,64,79
8,110,65,78
8,110,66,77
8,111,65,78
8,110,65,79
8,109,67,78
8,111,66,77
8,104,71,79
8,85,73,95
8,85,73,95
8,85,73,95
8,87,72,95
8,87,72,95
8,83,74,91
8,84,77,95
8,83,73,97
8,86,72,98
8,86,70,99
8,86,70,99
8,82,67,96
8,86,70,99
8,85,70,99
8,86,71,100
8,84,69,98
8,86,70,99
8,83,73,97
8,71,74,109
8,70,74,111
8,68,72,119
8,69,73,118
8,71,73,114
8,68,73,113
8,71,74,109
8,77,73,96
8,77,73,96
8,78,76,98
8,77,79,104
8,72,77,106
8,70,75,105
8,80,75,95
8,80,75,95
8,101,55,98
8,97,65,92
8,103,56,95
8,100,57,96
8,98,57,98
8,88,61,104
8,85,65,103
8,82,70,102
8,82,65,107
8,92,65,96
8,99,59,96
8,79,69,105
8,81,65,107
8,86,62,106
8,82,64,107
8,81,70,102
9,33,94,123
9,37,91,125
9,44,91,121
9,41,92,123
9,48,90,115
9,53,89,113
9,56,88,111
9,42,92,119
9,37,92,123
9,36,92,125
9,42,84,122
9,38,91,122
9,41,93,117
9,34,93,123
9,40,93,127
9,38,93,124
9,42,87,118
9,54,92,101
9,53,89,115
9,52,91,106
9,53,92,109
9,52,90,111
9,53,93,105
9,59,93,102
9,55,91,107
9,53,91,104
9,59,90,111
9,56,88,111
9,55,93,96
9,54,91,110
9,53,92,107
9,53,96,103
9,55,91,107
9,53,91,112
9,50,93,112
9,37,94,121
9,30,100,126
9,35,95,123
9,32,98,120
9,39,95,120
9,40,95,115
9,37,90,130
9,39,95,120
9,28,95,138
9,28,99,119
9,24,95,141
9,24,97,132
9,25,98,130
9,26,97,127
9,31,99,118
9,33,98,120
9,32,97,129
9,26,97,129
9,50,91,121
9,45,93,116
9,41,101,99
9,36,98,121
9,35,95,119
9,40,99,95
9,53,92,109
9,49,91,113
9,57,90,109
9,65,91,92
9,65,91,92
9,43,97,109
9,49,95,118
9,55,90,110
9,42,93,114
9,43,93,118
9,45,89,116
9,43,94,113
9,67,87,100
9,67,87,100
9,67,86,100
9,67,86,100
9,63,87,104
9,70,85,99
9,74,84,96
9,68,86,99
9,65,86,103
9,71,85,98
9,69,85,100
9,70,85,98
9,70,85,98
9,69,85,100
9,69,85,100
9,69,85,100
9,69,85,100
9,67,86,101
9,64,88,98
9,64,89,94
9,71,84,101
9,68,86,100
9,72,86,99
9,71,85,98
9,67,86,103
9,64,86,107
9,65,86,107
9,72,83,103
9,69,84,103
9,57,88,108
9,53,90,108
9,71,83,95
9,69,88,94
9,73,84,88
9,60,86,111
9,60,86,111
9,70,82,106
9,68,83,106
9,51,94,111
9,49,95,111
9,46,95,110
9,49,96,112
9,51,94,111
9,47,95,109
9,48,94,110
9,54,94,104
9,61,91,99
9,59,91,106
9,55,93,102
9,42,98,115
9,47,96,110
9,44,94,119
9,48,93,112
9,41,97,120
9,40,98,120
9,50,100,88
9,48,99,90
9,50,96,112
9,51,94,111
9,69,86,99
9,70,86,98
9,68,85,100
9,68,84,102
9,71,83,99
9,70,84,99
9,75,82,97
9,73,84,97
9,68,84,101
9,67,87,100
9,68,86,100
9,67,87,100
9,68,86,100
9,68,86,100
9,39,94,115
9,35,95,121
9,34,95,126
9,29,98,127
9,32,100,135
9,67,82,123
9,38,94,119
9,58,84,117
9,48,96,110
9,61,84,116
9,48,89,117
9,60,88,112
9,33,98,116
9,40,95,115
9,17,100,142
9,57,84,114
9,32,98,114
9,36,93,122
9,4,107,142
9,7,102,144
9,7,102,144
9,7,102,144
9,23,100,131
9,5,102,147
9,9,99,145
9,6,103,145
9,16,102,136
9,21,100,133
9,13,103,138
9,0,109,144
9,5,106,142
9,0,106,147
9,27,100,126
9,60,88,106
9,57,87,110
9,59,86,109
9,52,90,111
9,58,86,109
9,52,87,114
9,50,88,116
9,52,88,113
9,50,89,115
9,54,88,112
9,48,90,115
9,45,103,88
9,45,103,88
9,39,106,89
9,45,99,111
9,44,95,114
9,54,92,105
9,54,95,101
9,48,94,120
9,44,95,112
9,54,94,104
9,52,93,121
9,65,90,95
9,63,93,103
9,55,98,107
9,57,90,105
9,58,91,106
9,58,91,106
9,64,87,105
9,60,86,103
9,61,88,105
9,57,90,109
9,64,87,103
9,59,88,104
9,59,85,108
9,56,87,108
9,56,89,104
9,53,90,109
9,73,86,95
9,73,86,92
9,73,86,92
9,80,84,83
9,76,85,92
9,84,84,86
9,84,84,86
9,87,83,82
9,84,84,86
9,83,84,86
9,80,85,89
9,75,83,94
9,75,82,92
9,70,89,96
9,72,89,97
9,84,80,103
9,54,96,94
9,77,88,92
9,61,88,99
9,67,89,103
9,62,90,94
9,64,91,100
9,63,92,100
9,70,89,95
9,71,85,97
9,72,85,97
9,69,86,98
9,69,85,99
9,69,86,99
9,68,85,100
9,71,85,98
9,72,85,96
9,68,86,99
9,69,85,99
9,71,86,97
9,74,86,94
9,77,85,92
9,71,86,97
9,50,97,106
9,58,93,103
9,58,93,103
9,58,93,102
9,59,93,102
9,60,91,102
9,58,93,103
9,56,94,104
9,55,95,104
9,56,94,103
9,48,98,108
9,42,100,104
9,38,100,97
9,41,96,116
9,43,94,113
9,51,92,114
9,60,88,110
9,39,97,117
9,62,88,111
9,63,92,100
9,50,85,115
9,51,93,109
9,40,89,122
9,44,95,116
9,44,95,116
9,41,95,123
9,39,97,121
9,36,96,122
9,38,95,115
9,43,96,110
10,82,101,71
10,77,107,70
10,81,100,73
10,82,104,67
10,85,102,66
10,83,98,72
10,83,98,73
10,82,99,72
10,84,98,72
10,85,100,69
10,84,101,69
10,81,103,70
10,81,103,70
10,80,100,73
10,110,118,45
10,109,117,40
10,105,113,36
10,109,118,29
10,100,107,53
10,102,111,66
10,105,114,25
10,105,114,25
10,99,102,71
10,103,112,31
10,102,111,18
10,96,104,53
10,82,87,84
10,81,90,83
10,82,89,82
10,78,94,82
10,78,88,88
10,72,89,93
10,77,87,89
10,80,92,82
10,80,91,82
10,78,94,81
10,82,90,82
10,77,94,83
10,80,91,82
10,77,92,85
10,81,100,72
10,81,99,74
10,80,100,74
10,77,108,68
10,73,107,73
10,72,110,71
10,73,101,79
10,69,96,89
10,72,94,87
10,73,96,85
10,72,98,83
10,73,103,78
10,72,102,80
10,78,94,81
10,81,112,61
10,78,107,68
10,79,104,71
10,79,102,73
10,78,105,70
10,79,102,73
10,80,101,73
10,68,109,77
10,74,98,81
10,72,102,79
10,71,104,78
10,73,103,77
10,71,113,70
10,72,110,72
10,71,109,74
10,70,108,76
10,71,107,76
10,72,105,76
10,22,109,122
10,67,101,85
10,71,106,77
10,69,107,77
10,68,110,76
10,69,103,81
10,70,109,75
10,70,113,71
10,71,106,77
10,71,106,77
10,66,102,85
10,68,101,85
10,72,105,77
10,84,99,71
10,80,100,73
10,82,100,71
10,82,102,70
10,82,100,71
10,81,106,67
10,87,106,60
10,80,100,73
10,82,106,66
10,77,106,71
10,77,105,72
10,79,102,73
10,77,106,70
10,78,106,69
10,79,103,71
10,82,96,76
10,77,96,81
10,77,107,70
10,75,106,73
10,76,103,74
10,76,101,76
10,77,107,69
10,80,101,73
10,74,95,84
10,74,96,83
10,74,96,83
10,73,96,84
10,74,94,85
10,77,96,80
10,77,94,82
10,78,94,82
10,79,94,81
10,79,93,82
10,81,95,78
10,78,91,85
10,73,94,87
10,79,91,84
10,77,90,86
10,76,92,86
10,76,90,87
10,75,90,88
10,73,94,87
10,73,92,89
10,88,113,52
10,88,114,52
10,88,114,51
10,89,115,50
10,87,119,47
10,87,114,54
10,88,113,53
10,86,115,52
10,88,112,54
10,86,119,49
10,85,116,52
10,89,114,50
10,85,115,54
10,87,105,62
10,87,112,55
10,89,114,51
10,87,114,52
10,90,117,47
10,89,124,40
10,79,97,55
10,82,99,67
10,78,91,84
10,77,90,81
10,81,96,77
10,80,95,88
10,80,92,78
10,90,106,59
10,83,98,75
10,87,96,75
10,85,99,63
10,85,99,64
10,83,97,64
10,85,98,68
10,83,99,54
10,85,99,66
10,83,96,68
10,75,104,75
10,72,104,78
10,71,101,82
10,73,105,76
10,74,98,81
10,73,103,78
10,71,100,83
10,72,97,84
10,67,104,83
10,66,100,87
10,71,104,79
10,69,116,69
10,73,102,78
10,93,123,37
10,83,103,68
10,84,104,66
10,76,108,69
10,81,101,72
10,83,117,53
10,85,112,56
10,75,99,79
10,77,97,80
10,73,103,77
10,75,105,73
10,78,106,69
10,81,96,77
10,80,96,77
10,81,95,78
10,80,95,78
10,80,92,81
10,80,92,82
10,84,94,76
10,84,97,72
10,81,95,77
10,80,96,78
10,85,95,74
10,83,96,74
10,84,96,74
10,85,95,74
10,81,96,76
10,81,95,78
10,80,98,76
10,81,96,77
10,82,95,77
10,73,95,86
10,73,94,87
10,74,95,85
10,74,92,87
10,69,95,89
10,73,92,88
10,74,92,87
10,72,94,88
10,73,92,89
10,73,92,88
10,73,94,87
10,74,91,88
10,74,92,88
10,75,109,69
10,73,111,69
10,73,111,69
10,73,111,70
10,73,112,69
10,73,113,68
10,71,110,72
10,67,94,92
10,66,93,94
10,76,102,76
10,71,112,71
10,75,110,70
10,74,110,69
10,73,109,72
10,73,113,68
10,72,111,70
10,72,113,69
10,68,110,76
10,73,114,67
10,71,112,71
10,76,95,83
10,77,93,84
10,76,92,86
10,75,90,88
10,77,89,88
10,75,91,88
10,75,91,88
10,75,88,91
10,76,92,86
10,74,92,88
10,74,91,88
10,76,91,87
10,75,92,86
10,77,92,84
10,83,95,76
10,77,97,80
10,79,96,79
10,81,93,80
10,84,101,68
10,82,97,74
10,83,99,71
10,81,103,69
10,82,102,70
10,81,95,78
10,83,105,66
10,84,104,66
10,84,101,68
10,84,102,68
10,78,103,72
10,84,101,69
10,82,103,69
10,86,98,70
10,85,100,69
10,86,98,70
10,77,103,73
10,76,103,75
10,80,106,67
10,81,104,69
10,82,115,56
10,73,129,51
10,75,130,49
10,43,132,78
10,44,118,92
10,81,103,70
10,72,104,77
10,71,111,71
10,66,121,66
10,69,121,63
10,72,114,67
10,75,116,62
10,77,99,78
10,73,103,77
10,75,95,83
10,74,100,80
10,74,104,75
10,74,102,78
10,75,97,81
10,76,97,81
10,76,97,80
10,76,97,81
11,78,85,90
11,78,85,90
11,79,84,91
11,78,86,89
11,79,86,88
11,77,86,91
11,79,85,90
11,80,85,89
11,80,85,88
11,79,85,90
11,78,85,91
11,79,85,90
11,80,85,90
11,80,84,89
11,79,85,89
11,79,86,89
11,73,80,100
11,73,85,96
11,75,84,94
11,73,85,96
11,75,82,96
11,72,82,100
11,78,94,82
11,82,83,88
11,77,82,95
11,75,83,95
11,77,82,95
11,73,89,92
11,73,85,95
11,70,85,98
11,72,87,94
11,83,84,88
11,83,85,82
11,84,85,87
11,84,83,88
11,86,87,81
11,87,87,77
11,84,84,84
11,84,83,88
11,83,82,90
11,83,82,88
11,85,86,80
11,80,86,84
11,83,84,89
11,79,84,91
11,79,84,91
11,81,84,89
11,81,84,89
11,78,83,92
11,78,82,93
11,78,83,92
11,78,86,90
11,77,88,88
11,72,85,96
11,72,85,97
11,73,85,95
11,70,86,98
11,63,84,108
11,82,87,85
11,81,83,89
11,81,83,90
11,82,83,89
11,78,86,90
11,80,83,91
11,80,84,89
11,80,83,91
11,76,85,93
11,77,85,92
11,79,84,91
11,78,85,91
11,78,83,93
11,77,85,91
11,78,86,90
11,78,84,91
11,86,87,81
11,90,84,79
11,87,85,81
11,86,84,83
11,88,83,82
11,88,83,82
11,90,85,78
11,90,84,80
11,87,83,84
11,85,84,85
11,88,85,81
11,87,84,83
11,90,84,80
11,89,86,79
11,76,80,98
11,71,83,99
11,75,81,97
11,68,83,102
11,73,80,101
11,71,84,99
11,79,81,94
11,74,81,99
11,74,81,98
11,71,80,103
11,75,79,99
11,71,82,101
11,61,85,108
11,74,81,99
11,77,82,95
11,76,85,93
11,77,81,95
11,78,83,92
11,79,82,92
11,80,81,93
11,80,83,90
11,84,82,88
11,83,82,88
11,84,81,89
11,83,81,90
11,78,84,91
11,77,85,91
11,84,81,89
11,80,84,89
11,80,84,89
11,81,85,88
11,81,83,89
11,81,84,89
11,82,84,87
11,78,83,93
11,77,82,94
11,80,84,90
11,81,84,88
11,84,83,86
11,83,83,87
11,81,83,89
11,82,84,87
11,76,84,93
11,79,83,91
11,75,85,94
11,78,85,90
11,76,84,95
11,72,86,96
11,77,85,91
11,82,85,87
11,80,85,88
11,80,85,89
11,79,84,90
11,78,86,89
11,76,86,92
11,77,87,89
11,81,86,86
11,78,87,88
11,78,87,88
11,78,86,89
11,81,87,85
11,80,86,87
11,78,85,90
11,75,87,91
11,77,86,91
11,78,86,90
11,78,86,90
11,80,86,88
11,79,87,88
11,82,87,85
11,82,87,85
11,83,86,84
11,83,84,86
11,76,87,91
11,81,84,89
11,80,85,89
11,79,83,91
11,76,86,91
11,81,87,86
11,81,90,83
11,80,82,91
11,81,82,90
11,80,80,93
11,76,82,96
11,72,84,97
11,76,81,96
11,76,81,96
11,78,82,93
11,80,80,94
11,78,82,93
11,79,83,92
11,80,84,89
11,80,80,94
11,80,80,94
11,75,87,92
11,78,83,93
11,78,82,93
11,80,82,91
11,80,82,91
11,78,78,98
11,74,78,102
11,72,81,100
11,66,84,103
11,66,84,103
11,72,85,97
11,71,83,99
11,72,85,97
11,71,85,98
11,70,84,99
11,71,83,100
11,71,83,100
11,71,83,100
11,71,83,100
11,71,84,99
11,71,85,98
11,71,85,98
11,72,86,96
11,72,85,97
11,70,85,98
11,71,85,98
11,82,86,85
11,83,87,84
11,86,83,85
11,70,85,99
11,73,85,96
11,72,84,98
11,73,85,96
11,73,85,95
11,72,86,95
11,73,84,97
11,76,84,94
11,74,84,95
11,72,87,95
11,71,85,97
11,72,85,96
11,73,85,96
11,76,82,95
11,73,86,95
11,76,83,94
11,76,83,94
11,75,84,94
